name,type,describe
FAULT,fault,FAULT
FE,fault,FE
FE_BO,fault,FE_BO
FE_BO_size7,fault,FE_BO_size7
FE_BO_size7_load0,fault,FE_BO_size7_load0
FE_BO_size7_load1,fault,FE_BO_size7_load1
FE_BO_size7_load2,fault,FE_BO_size7_load2
FE_BO_size7_load3,fault,FE_BO_size7_load3
FE_BO_size14,fault,FE_BO_size14
FE_BO_size14_load0,fault,FE_BO_size14_load0
FE_BO_size14_load1,fault,FE_BO_size14_load1
FE_BO_size14_load2,fault,FE_BO_size14_load2
FE_BO_size14_load3,fault,FE_BO_size14_load3
FE_BO_size21,fault,FE_BO_size21
FE_BO_size21_load0,fault,FE_BO_size21_load0
FE_BO_size21_load1,fault,FE_BO_size21_load1
FE_BO_size21_load2,fault,FE_BO_size21_load2
FE_BO_size21_load3,fault,FE_BO_size21_load3
FE_IR,fault,FE_IR
FE_IR_size7,fault,FE_IR_size7
FE_IR_size7_load0,fault,FE_IR_size7_load0
FE_IR_size7_load1,fault,FE_IR_size7_load1
FE_IR_size7_load2,fault,FE_IR_size7_load2
FE_IR_size7_load3,fault,FE_IR_size7_load3
FE_IR_size14,fault,FE_IR_size14
FE_IR_size14_load0,fault,FE_IR_size14_load0
FE_IR_size14_load1,fault,FE_IR_size14_load1
FE_IR_size14_load2,fault,FE_IR_size14_load2
FE_IR_size14_load3,fault,FE_IR_size14_load3
FE_IR_size21,fault,FE_IR_size21
FE_IR_size21_load0,fault,FE_IR_size21_load0
FE_IR_size21_load1,fault,FE_IR_size21_load1
FE_IR_size21_load2,fault,FE_IR_size21_load2
FE_IR_size21_load3,fault,FE_IR_size21_load3
FE_OR,fault,FE_OR
FE_OR_size7,fault,FE_OR_size7
FE_OR_size7_load0,fault,FE_OR_size7_load0
FE_OR_size7_load1,fault,FE_OR_size7_load1
FE_OR_size7_load2,fault,FE_OR_size7_load2
FE_OR_size7_load3,fault,FE_OR_size7_load3
FE_OR_size14,fault,FE_OR_size14
FE_OR_size14_load0,fault,FE_OR_size14_load0
FE_OR_size14_load1,fault,FE_OR_size14_load1
FE_OR_size14_load2,fault,FE_OR_size14_load2
FE_OR_size14_load3,fault,FE_OR_size14_load3
FE_OR_size21,fault,FE_OR_size21
FE_OR_size21_load0,fault,FE_OR_size21_load0
FE_OR_size21_load1,fault,FE_OR_size21_load1
FE_OR_size21_load2,fault,FE_OR_size21_load2
FE_OR_size21_load3,fault,FE_OR_size21_load3
DE,fault,DE
DE_BO,fault,DE_BO
DE_BO_size7,fault,DE_BO_size7
DE_BO_size7_load0,fault,DE_BO_size7_load0
DE_BO_size7_load1,fault,DE_BO_size7_load1
DE_BO_size7_load2,fault,DE_BO_size7_load2
DE_BO_size7_load3,fault,DE_BO_size7_load3
DE_BO_size14,fault,DE_BO_size14
DE_BO_size14_load0,fault,DE_BO_size14_load0
DE_BO_size14_load1,fault,DE_BO_size14_load1
DE_BO_size14_load2,fault,DE_BO_size14_load2
DE_BO_size14_load3,fault,DE_BO_size14_load3
DE_BO_size21,fault,DE_BO_size21
DE_BO_size21_load0,fault,DE_BO_size21_load0
DE_BO_size21_load1,fault,DE_BO_size21_load1
DE_BO_size21_load2,fault,DE_BO_size21_load2
DE_BO_size21_load3,fault,DE_BO_size21_load3
DE_IR,fault,DE_IR
DE_IR_size7,fault,DE_IR_size7
DE_IR_size7_load0,fault,DE_IR_size7_load0
DE_IR_size7_load1,fault,DE_IR_size7_load1
DE_IR_size7_load2,fault,DE_IR_size7_load2
DE_IR_size7_load3,fault,DE_IR_size7_load3
DE_IR_size14,fault,DE_IR_size14
DE_IR_size14_load0,fault,DE_IR_size14_load0
DE_IR_size14_load1,fault,DE_IR_size14_load1
DE_IR_size14_load2,fault,DE_IR_size14_load2
DE_IR_size14_load3,fault,DE_IR_size14_load3
DE_IR_size21,fault,DE_IR_size21
DE_IR_size21_load0,fault,DE_IR_size21_load0
DE_IR_size21_load1,fault,DE_IR_size21_load1
DE_IR_size21_load2,fault,DE_IR_size21_load2
DE_IR_size21_load3,fault,DE_IR_size21_load3
DE_OR,fault,DE_OR
DE_OR_size7,fault,DE_OR_size7
DE_OR_size7_load0,fault,DE_OR_size7_load0
DE_OR_size7_load1,fault,DE_OR_size7_load1
DE_OR_size7_load2,fault,DE_OR_size7_load2
DE_OR_size7_load3,fault,DE_OR_size7_load3
DE_OR_size14,fault,DE_OR_size14
DE_OR_size14_load0,fault,DE_OR_size14_load0
DE_OR_size14_load1,fault,DE_OR_size14_load1
DE_OR_size14_load2,fault,DE_OR_size14_load2
DE_OR_size14_load3,fault,DE_OR_size14_load3
DE_OR_size21,fault,DE_OR_size21
DE_OR_size21_load0,fault,DE_OR_size21_load0
DE_OR_size21_load1,fault,DE_OR_size21_load1
DE_OR_size21_load2,fault,DE_OR_size21_load2
DE_OR_size21_load3,fault,DE_OR_size21_load3
